<?xml version="1.0" encoding="UTF-8"?>
<project-private xmlns="http://www.netbeans.org/ns/project-private/1">
    <editor-bookmarks xmlns="http://www.netbeans.org/ns/editor-bookmarks/2" lastBookmarkId="0"/>
    <open-files xmlns="http://www.netbeans.org/ns/projectui-open-files/2">
        <group>
            <file>file:/C:/Users/ni15dz/Desktop/ReedMuller/src/reedmuller/Data.java</file>
            <file>file:/C:/Users/ni15dz/Desktop/ReedMuller/src/reedmuller/EncodeDecode.java</file>
            <file>file:/C:/Users/ni15dz/Desktop/ReedMuller/src/reedmuller/Parameters.java</file>
            <file>file:/C:/Users/ni15dz/Desktop/ReedMuller/src/outputText.txt</file>
            <file>file:/C:/Users/ni15dz/Desktop/ReedMuller/src/parameters.txt</file>
            <file>file:/C:/Users/ni15dz/Desktop/ReedMuller/src/reedmuller/ReedMuller.java</file>
        </group>
    </open-files>
</project-private>
